text,symptoms_pred,diseases_pred,medications_pred,dosage_pred,advice_pred,numerical_data_pred,summary_pred,symptoms_true,diseases_true,medications_true,dosage_true,advice_true,numerical_data_true,summary_true
"Doctor: Namaste, kya problem ho rahi hai aapko?
Patient: Namaste doctor, mujhe 3 din se fever aa raha hai.
Doctor: Fever constant hai ya aata jaata hai?
Patient: Thoda aata jaata hai, par kal se headache bhi start ho gaya hai.
Doctor: Body pain ya weakness feel ho rahi hai?
Patient: Haan doctor, body pain hai aur kaafi weakness bhi lag rahi hai.
Doctor: Koi medicine li hai abhi tak?
Patient: Maine paracetamol liya tha 500 mg, din mein do baar.
Doctor: Thoda relief mila?
Patient: Thoda sa, par fever fir bhi aa jaata hai.
Doctor: Koi cold, cough ya sore throat?
Patient: Thoda cough hai aur halka sore throat bhi hai.
Doctor: Aapko kisi se infection hua ho sakta hai?
Patient: Shayad office mein kisi ko viral tha.
Doctor: Theek hai, lagta hai viral infection hai.
Patient: Isme kya karna hoga doctor?
Doctor: Aap rest lo, hydration maintain karo aur medicines continue karo.
Doctor: Main aapko ek antibiotic aur vitamin tablets likh deta hoon.
Patient: Kitne din tak lena hoga?
Doctor: 5 din tak medicines lo aur 3-4 din bed rest karo.
Patient: Theek hai doctor, thank you.","fever, headache, body pain, weakness, cough, sore throat",viral infection,"paracetamol, antibiotic, vitamin tablets",500 mg,"rest, hydration, bed rest","twice daily, 5 days, 3-4 days","Patient has viral infection with symptoms of fever, headache, body pain, weakness, cough, and sore throat, and is advised to take paracetamol, antibiotic, and vitamin tablets for 5 days with bed rest for 3-4 days.",,,,,,,
"Doctor: Namaste, kya issue hai aapko?
Patient: Namaste doctor, mujhe 2 din se stomach pain ho raha hai.
Doctor: Pain kis jagah par hai exactly?
Patient: Right side mein zyada feel hota hai.
Doctor: Kya pain continuous hai ya aata jaata hai?
Patient: Aata jaata hai, especially khana khane ke baad.
Doctor: Nausea ya vomiting hui hai?
Patient: Haan, kal ek baar vomiting hui thi.
Doctor: Loose motions ya constipation?
Patient: Thoda loose motion bhi hai.
Doctor: Fever hai kya?
Patient: Thoda mild fever tha kal raat.
Doctor: Aapne koi medicine li?
Patient: Nahi doctor, abhi tak nahi li.
Doctor: Theek hai, yeh gastric infection lag raha hai.
Doctor: Main aapko antacid aur antibiotics likh raha hoon.
Patient: Kitne din tak lena hoga?
Doctor: 5 din tak lo aur spicy food avoid karo.
Patient: Theek hai doctor, thank you.","stomach pain, nausea, vomiting, loose motions, mild fever",gastric infection,"antacid, antibiotics",,avoid spicy food,5 days,"Patient is diagnosed with gastric infection and is prescribed antacid and antibiotics for 5 days, advised to avoid spicy food.",,,,,,,
"Doctor: Namaste, kya problem hai?
Patient: Doctor, mujhe 4 din se cough ho raha hai.
Doctor: Dry cough hai ya phlegm ke saath?
Patient: Phlegm ke saath hai.
Doctor: Fever bhi hai kya?
Patient: Haan, halka fever hai.
Doctor: Breathing mein difficulty ho rahi hai?
Patient: Thodi si ho rahi hai.
Doctor: Smoking karte ho?
Patient: Nahi doctor.
Doctor: Koi allergy history hai?
Patient: Nahi.
Doctor: Aapne koi medicine li hai?
Patient: Sirf cough syrup liya tha.
Doctor: Theek hai, chest infection lag raha hai.
Doctor: Main antibiotic aur inhaler prescribe karta hoon.
Patient: Kitne din tak use karna hai?
Doctor: 7 din tak regular use karo.
Patient: Thank you doctor.","cough, phlegm, fever, breathing difficulty",chest infection,"cough syrup, antibiotic, inhaler",,,"regular, 7 days","Patient has chest infection with symptoms of cough, phlegm, fever, and breathing difficulty, prescribed antibiotic and inhaler for 7 days.",,,,,,,
"Doctor: Namaste, kya dikkat hai?
Patient: Doctor, mujhe last 1 week se back pain ho raha hai.
Doctor: Lower back mein ya upper?
Patient: Lower back mein zyada hai.
Doctor: Koi injury hui thi?
Patient: Nahi doctor, bas office mein zyada baithna padta hai.
Doctor: Pain movement se badhta hai?
Patient: Haan, uthte waqt zyada hota hai.
Doctor: Koi numbness ya tingling?
Patient: Nahi.
Doctor: Aap exercise karte ho?
Patient: Nahi doctor.
Doctor: Theek hai, muscle strain lag raha hai.
Doctor: Main painkiller aur muscle relaxant likh raha hoon.
Patient: Kitne din lena hoga?
Doctor: 5 din aur thoda rest karo.
Doctor: Light stretching bhi start karo.
Patient: Theek hai doctor, thank you.","back pain, lower back pain, pain while moving, pain while getting up",muscle strain,"painkiller, muscle relaxant",,"rest, light stretching",5 days,"Patient is experiencing lower back pain, likely due to muscle strain from prolonged sitting at the office, and will be taking painkillers and muscle relaxants for 5 days with advice to rest and start light stretching.",,,,,,,
"Doctor: Namaste, kya issue hai?
Patient: Doctor, mujhe 3 din se severe headache ho raha hai.
Doctor: Kya headache ek side hai ya poore head mein?
Patient: Mostly ek side mein hai.
Doctor: Light ya sound se problem badhti hai?
Patient: Haan, light se zyada badhta hai.
Doctor: Nausea feel hota hai?
Patient: Thoda sa hota hai.
Doctor: Koi stress ya sleep issue hai?
Patient: Haan doctor, sleep kam ho rahi hai.
Doctor: Aapne koi medicine li hai?
Patient: Paracetamol liya tha, thoda relief mila.
Doctor: Yeh migraine ho sakta hai.
Doctor: Main aapko migraine medication likh deta hoon.
Patient: Kitne din lena hai?
Doctor: Jab pain ho tab lo, aur proper sleep lo.
Doctor: Stress kam karo.
Patient: Theek hai doctor, thank you.","severe headache, nausea, sleep disturbance",migraine,"paracetamol, migraine medication",,"proper sleep, stress reduction",as needed,"Patient experiencing severe headache, nausea, and sleep disturbance, diagnosed with migraine, advised to take migraine medication as needed and focus on stress reduction and proper sleep.",,,,,,,
"Doctor: Namaste, kya problem hai?
Patient: Doctor, mujhe 5 din se weakness feel ho rahi hai.
Doctor: Kya appetite kam ho gaya hai?
Patient: Haan doctor, bhook kam lag rahi hai.
Doctor: Weight loss hua hai kya?
Patient: Thoda sa hua hai.
Doctor: Fever ya infection hua tha recently?
Patient: Haan, last week fever tha.
Doctor: Abhi koi symptoms hai?
Patient: Bas weakness aur thakan hai.
Doctor: Blood test karaya?
Patient: Nahi doctor.
Doctor: Theek hai, yeh post-viral weakness ho sakta hai.
Doctor: Main aapko multivitamins aur iron supplements likh raha hoon.
Patient: Kitne din lena hoga?
Doctor: 2 weeks tak lo aur proper diet rakho.
Doctor: Hydration maintain karo.
Patient: Theek hai doctor, thank you.","weakness, loss of appetite, weight loss, fatigue",post-viral infection,"multivitamins, iron supplements",,"proper diet, hydration",2 weeks,"Patient experiencing post-viral weakness, loss of appetite, weight loss, and fatigue, advised to take multivitamins and iron supplements for 2 weeks with proper diet and hydration.",,,,,,,
